instance,q1,q2,kind,rank,value,originator,date,group_url,artifact_url
umps4,2,1,lower_bound,1,5176.0,Trick et al.,2011-10-17,https://benchmark.gent.cs.kuleuven.be/tup/en/results/bound_group/10.html,
umps4,2,1,upper_bound,1,5176,Trick et al.,2011-10-17,https://benchmark.gent.cs.kuleuven.be/tup/en/results/solution_group/27.html,
umps6,3,1,lower_bound,1,14077.0,Trick et al.,2011-10-17,https://benchmark.gent.cs.kuleuven.be/tup/en/results/bound_group/10.html,
umps6,3,1,upper_bound,1,14077,Trick et al.,2011-10-17,https://benchmark.gent.cs.kuleuven.be/tup/en/results/solution_group/27.html,
umps6A,3,1,lower_bound,1,15457.0,Trick et al.,2011-10-17,https://benchmark.gent.cs.kuleuven.be/tup/en/results/bound_group/10.html,
umps6A,3,1,upper_bound,1,15457,Trick et al.,2011-10-17,https://benchmark.gent.cs.kuleuven.be/tup/en/results/solution_group/27.html,
umps6B,3,1,lower_bound,1,16716.0,Trick et al.,2011-10-17,https://benchmark.gent.cs.kuleuven.be/tup/en/results/bound_group/10.html,
umps6B,3,1,upper_bound,1,16716,Trick et al.,2011-10-17,https://benchmark.gent.cs.kuleuven.be/tup/en/results/solution_group/27.html,
umps6C,3,1,lower_bound,1,14396.0,Trick et al.,2011-10-17,https://benchmark.gent.cs.kuleuven.be/tup/en/results/bound_group/10.html,
umps6C,3,1,upper_bound,1,14396,Trick et al.,2011-10-17,https://benchmark.gent.cs.kuleuven.be/tup/en/results/solution_group/27.html,
umps8,4,2,lower_bound,1,34311.0,Trick et al.,2011-10-17,https://benchmark.gent.cs.kuleuven.be/tup/en/results/bound_group/10.html,
umps8,4,2,upper_bound,1,34311,Trick et al.,2011-10-17,https://benchmark.gent.cs.kuleuven.be/tup/en/results/solution_group/27.html,
umps8A,4,2,lower_bound,1,31490.0,Trick et al.,2011-10-17,https://benchmark.gent.cs.kuleuven.be/tup/en/results/bound_group/10.html,
umps8A,4,2,upper_bound,1,31490,Trick et al.,2011-10-17,https://benchmark.gent.cs.kuleuven.be/tup/en/results/solution_group/27.html,
umps8B,4,2,lower_bound,1,32731.0,Trick et al.,2011-10-17,https://benchmark.gent.cs.kuleuven.be/tup/en/results/bound_group/10.html,
umps8B,4,2,upper_bound,1,32731,Trick et al.,2011-10-17,https://benchmark.gent.cs.kuleuven.be/tup/en/results/solution_group/27.html,
umps8C,4,2,lower_bound,1,29879.0,Trick et al.,2011-10-17,https://benchmark.gent.cs.kuleuven.be/tup/en/results/bound_group/10.html,
umps8C,4,2,upper_bound,1,29879,Trick et al.,2011-10-17,https://benchmark.gent.cs.kuleuven.be/tup/en/results/solution_group/27.html,
umps10,5,2,lower_bound,1,48942.0,Trick et al.,2011-10-17,https://benchmark.gent.cs.kuleuven.be/tup/en/results/bound_group/10.html,
umps10,5,2,upper_bound,1,48942,Trick et al.,2011-10-17,https://benchmark.gent.cs.kuleuven.be/tup/en/results/solution_group/27.html,
umps10A,5,2,lower_bound,1,46551.0,Trick et al.,2011-10-17,https://benchmark.gent.cs.kuleuven.be/tup/en/results/bound_group/10.html,
umps10A,5,2,upper_bound,1,46551,Trick et al.,2011-10-17,https://benchmark.gent.cs.kuleuven.be/tup/en/results/solution_group/27.html,
umps10B,5,2,lower_bound,1,45609.0,Trick et al.,2011-10-17,https://benchmark.gent.cs.kuleuven.be/tup/en/results/bound_group/10.html,
umps10B,5,2,upper_bound,1,45609,Trick et al.,2011-10-17,https://benchmark.gent.cs.kuleuven.be/tup/en/results/solution_group/27.html,
umps10C,5,2,lower_bound,1,43149.0,Trick et al.,2011-10-17,https://benchmark.gent.cs.kuleuven.be/tup/en/results/bound_group/10.html,
umps10C,5,2,upper_bound,1,43149,Trick et al.,2011-10-17,https://benchmark.gent.cs.kuleuven.be/tup/en/results/solution_group/27.html,
umps12,7,2,lower_bound,1,86889.0,Toffolo et al.,2015-02-03,https://benchmark.gent.cs.kuleuven.be/tup/en/results/bound_group/25.html,
umps12,7,2,upper_bound,1,86889,Toffolo et al.,2015-02-03,https://benchmark.gent.cs.kuleuven.be/tup/en/results/solution_group/14.html,https://benchmark.gent.cs.kuleuven.be/tup/media/solutions/14/umps12_7_2.txt
umps12,6,3,lower_bound,1,95259.3,Xue et al.,2014-03-21,https://benchmark.gent.cs.kuleuven.be/tup/en/results/bound_group/26.html,
umps12,6,3,upper_bound,1,infeasible,Trick et al.,2011-10-17,https://benchmark.gent.cs.kuleuven.be/tup/en/results/solution_group/27.html,
umps12,5,3,lower_bound,1,93679.0,Toffolo et al.,2015-02-03,https://benchmark.gent.cs.kuleuven.be/tup/en/results/bound_group/25.html,
umps12,5,3,upper_bound,1,93679,Toffolo et al.,2015-02-03,https://benchmark.gent.cs.kuleuven.be/tup/en/results/solution_group/14.html,https://benchmark.gent.cs.kuleuven.be/tup/media/solutions/14/umps12_5_3.txt
umps12,4,3,lower_bound,1,89826.0,Toffolo et al.,2015-02-03,https://benchmark.gent.cs.kuleuven.be/tup/en/results/bound_group/25.html,
umps12,4,3,upper_bound,1,89826,Toffolo et al.,2015-02-03,https://benchmark.gent.cs.kuleuven.be/tup/en/results/solution_group/14.html,https://benchmark.gent.cs.kuleuven.be/tup/media/solutions/14/umps12_4_3.txt
umps14,8,3,lower_bound,1,172177.0,Toffolo et al.,2015-02-03,https://benchmark.gent.cs.kuleuven.be/tup/en/results/bound_group/25.html,
umps14,8,3,upper_bound,1,172177,Toffolo et al.,2015-02-03,https://benchmark.gent.cs.kuleuven.be/tup/en/results/solution_group/14.html,https://benchmark.gent.cs.kuleuven.be/tup/media/solutions/14/umps14_8_3.txt
umps14,8,2,lower_bound,1,147824.0,Toffolo et al.,2015-02-03,https://benchmark.gent.cs.kuleuven.be/tup/en/results/bound_group/25.html,
umps14,8,2,upper_bound,1,147824,Toffolo et al.,2015-02-03,https://benchmark.gent.cs.kuleuven.be/tup/en/results/solution_group/14.html,https://benchmark.gent.cs.kuleuven.be/tup/media/solutions/14/umps14_8_2.txt
umps14,7,3,lower_bound,1,164440.0,Toffolo et al.,2015-02-03,https://benchmark.gent.cs.kuleuven.be/tup/en/results/bound_group/25.html,
umps14,7,3,lower_bound,2,159797.0,Wauters et al.,2013-11-05,https://benchmark.gent.cs.kuleuven.be/tup/en/results/bound_group/19.html,
umps14,7,3,lower_bound,3,141253.0,Trick et al.,2011-10-17,https://benchmark.gent.cs.kuleuven.be/tup/en/results/bound_group/10.html,
umps14,7,3,upper_bound,1,164440,Wauters et al.,2013-11-05,https://benchmark.gent.cs.kuleuven.be/tup/en/results/solution_group/36.html,
umps14,7,3,upper_bound,2,172510,Toffolo et al.,2017-07-22,https://benchmark.gent.cs.kuleuven.be/tup/en/results/solution_group/52.html,https://benchmark.gent.cs.kuleuven.be/tup/media/solutions/52/umps14_7_3.txt
umps14,7,3,upper_bound,3,184117,Trick et al.,2011-10-17,https://benchmark.gent.cs.kuleuven.be/tup/en/results/solution_group/27.html,
umps14,7,2,lower_bound,1,146656.0,Toffolo et al.,2015-02-03,https://benchmark.gent.cs.kuleuven.be/tup/en/results/bound_group/25.html,
umps14,7,2,upper_bound,1,146656,Toffolo et al.,2015-02-03,https://benchmark.gent.cs.kuleuven.be/tup/en/results/solution_group/14.html,https://benchmark.gent.cs.kuleuven.be/tup/media/solutions/14/umps14_7_2.txt
umps14,6,3,lower_bound,1,158875.0,Toffolo et al.,2015-02-03,https://benchmark.gent.cs.kuleuven.be/tup/en/results/bound_group/25.html,
umps14,6,3,lower_bound,2,157083.4,Xue et al.,2014-03-21,https://benchmark.gent.cs.kuleuven.be/tup/en/results/bound_group/26.html,
umps14,6,3,lower_bound,3,156551.0,Wauters et al.,2013-11-05,https://benchmark.gent.cs.kuleuven.be/tup/en/results/bound_group/19.html,
umps14,6,3,upper_bound,1,158875,Toffolo et al.,2015-02-03,https://benchmark.gent.cs.kuleuven.be/tup/en/results/solution_group/14.html,https://benchmark.gent.cs.kuleuven.be/tup/media/solutions/14/umps14_6_3.txt
umps14,6,3,upper_bound,2,159505,Wauters et al.,2013-11-05,https://benchmark.gent.cs.kuleuven.be/tup/en/results/solution_group/36.html,
umps14,6,3,upper_bound,3,163933,Toffolo et al.,2017-07-22,https://benchmark.gent.cs.kuleuven.be/tup/en/results/solution_group/52.html,https://benchmark.gent.cs.kuleuven.be/tup/media/solutions/52/umps14_6_3.txt
umps14,6,2,lower_bound,1,145124.0,Toffolo et al.,2015-02-03,https://benchmark.gent.cs.kuleuven.be/tup/en/results/bound_group/25.html,
umps14,6,2,upper_bound,1,145124,Toffolo et al.,2015-02-03,https://benchmark.gent.cs.kuleuven.be/tup/en/results/solution_group/14.html,https://benchmark.gent.cs.kuleuven.be/tup/media/solutions/14/umps14_6_2.txt
umps14,5,3,lower_bound,1,154962.0,Xue et al.,2014-03-21,https://benchmark.gent.cs.kuleuven.be/tup/en/results/bound_group/26.html,
umps14,5,3,lower_bound,2,153759.6,Toffolo et al.,2014-02-28,https://benchmark.gent.cs.kuleuven.be/tup/en/results/bound_group/17.html,
umps14,5,3,lower_bound,3,153066.0,Wauters et al.,2013-11-05,https://benchmark.gent.cs.kuleuven.be/tup/en/results/bound_group/19.html,
umps14,5,3,upper_bound,1,154962,Xue et al.,2014-03-21,https://benchmark.gent.cs.kuleuven.be/tup/en/results/solution_group/45.html,
umps14,5,3,upper_bound,2,155392,Toffolo et al.,2014-02-28,https://benchmark.gent.cs.kuleuven.be/tup/en/results/solution_group/34.html,
umps14,5,3,upper_bound,3,155893,Wauters et al.,2013-11-05,https://benchmark.gent.cs.kuleuven.be/tup/en/results/solution_group/36.html,
umps14,5,2,lower_bound,1,143357.0,Toffolo et al.,2015-02-03,https://benchmark.gent.cs.kuleuven.be/tup/en/results/bound_group/25.html,
umps14,5,2,upper_bound,1,143357,Toffolo et al.,2015-02-03,https://benchmark.gent.cs.kuleuven.be/tup/en/results/solution_group/14.html,https://benchmark.gent.cs.kuleuven.be/tup/media/solutions/14/umps14_5_2.txt
umps14A,8,3,lower_bound,1,166184.0,Toffolo et al.,2015-02-03,https://benchmark.gent.cs.kuleuven.be/tup/en/results/bound_group/25.html,
umps14A,8,3,upper_bound,1,166184,Toffolo et al.,2015-02-03,https://benchmark.gent.cs.kuleuven.be/tup/en/results/solution_group/14.html,https://benchmark.gent.cs.kuleuven.be/tup/media/solutions/14/umps14A_8_3.txt
umps14A,8,2,lower_bound,1,143043.0,Toffolo et al.,2015-02-03,https://benchmark.gent.cs.kuleuven.be/tup/en/results/bound_group/25.html,
umps14A,8,2,upper_bound,1,143043,Toffolo et al.,2015-02-03,https://benchmark.gent.cs.kuleuven.be/tup/en/results/solution_group/14.html,https://benchmark.gent.cs.kuleuven.be/tup/media/solutions/14/umps14A_8_2.txt
umps14A,7,3,lower_bound,1,158760.0,Toffolo et al.,2015-02-03,https://benchmark.gent.cs.kuleuven.be/tup/en/results/bound_group/25.html,
umps14A,7,3,lower_bound,2,153199.0,Wauters et al.,2013-11-05,https://benchmark.gent.cs.kuleuven.be/tup/en/results/bound_group/19.html,
umps14A,7,3,lower_bound,3,133279.0,Trick et al.,2011-10-17,https://benchmark.gent.cs.kuleuven.be/tup/en/results/bound_group/10.html,
umps14A,7,3,upper_bound,1,158760,Wauters et al.,2013-11-05,https://benchmark.gent.cs.kuleuven.be/tup/en/results/solution_group/36.html,
umps14A,7,3,upper_bound,2,166329,Toffolo et al.,2017-07-22,https://benchmark.gent.cs.kuleuven.be/tup/en/results/solution_group/52.html,https://benchmark.gent.cs.kuleuven.be/tup/media/solutions/52/umps14A_7_3.txt
umps14A,7,3,upper_bound,3,175898,Trick et al.,2011-10-17,https://benchmark.gent.cs.kuleuven.be/tup/en/results/solution_group/27.html,
umps14A,7,2,lower_bound,1,140562.0,Toffolo et al.,2015-02-03,https://benchmark.gent.cs.kuleuven.be/tup/en/results/bound_group/25.html,
umps14A,7,2,upper_bound,1,140562,Toffolo et al.,2015-02-03,https://benchmark.gent.cs.kuleuven.be/tup/en/results/solution_group/14.html,https://benchmark.gent.cs.kuleuven.be/tup/media/solutions/14/umps14A_7_2.txt
umps14A,6,3,lower_bound,1,152981.0,Toffolo et al.,2015-02-03,https://benchmark.gent.cs.kuleuven.be/tup/en/results/bound_group/25.html,
umps14A,6,3,lower_bound,2,151043.2,Xue et al.,2014-03-21,https://benchmark.gent.cs.kuleuven.be/tup/en/results/bound_group/26.html,
umps14A,6,3,lower_bound,3,150998.0,Wauters et al.,2013-11-05,https://benchmark.gent.cs.kuleuven.be/tup/en/results/bound_group/19.html,
umps14A,6,3,upper_bound,1,152981,Toffolo et al.,2015-02-03,https://benchmark.gent.cs.kuleuven.be/tup/en/results/solution_group/14.html,https://benchmark.gent.cs.kuleuven.be/tup/media/solutions/14/umps14A_6_3.txt
umps14A,6,3,upper_bound,2,153216,Wauters et al.,2013-11-05,https://benchmark.gent.cs.kuleuven.be/tup/en/results/solution_group/36.html,
umps14A,6,3,upper_bound,3,157917,Toffolo et al.,2017-07-22,https://benchmark.gent.cs.kuleuven.be/tup/en/results/solution_group/52.html,https://benchmark.gent.cs.kuleuven.be/tup/media/solutions/52/umps14A_6_3.txt
umps14A,6,2,lower_bound,1,138927.0,Toffolo et al.,2015-02-03,https://benchmark.gent.cs.kuleuven.be/tup/en/results/bound_group/25.html,
umps14A,6,2,upper_bound,1,138927,Toffolo et al.,2015-02-03,https://benchmark.gent.cs.kuleuven.be/tup/en/results/solution_group/14.html,https://benchmark.gent.cs.kuleuven.be/tup/media/solutions/14/umps14A_6_2.txt
umps14A,5,3,lower_bound,1,149331.0,Xue et al.,2014-03-21,https://benchmark.gent.cs.kuleuven.be/tup/en/results/bound_group/26.html,
umps14A,5,3,lower_bound,2,148299.0,Wauters et al.,2013-11-05,https://benchmark.gent.cs.kuleuven.be/tup/en/results/bound_group/19.html,
umps14A,5,3,lower_bound,3,143504.0,Oliveira et al.,2013-08-28,https://benchmark.gent.cs.kuleuven.be/tup/en/results/bound_group/18.html,
umps14A,5,3,upper_bound,1,149331,Xue et al.,2014-03-21,https://benchmark.gent.cs.kuleuven.be/tup/en/results/solution_group/45.html,
umps14A,5,3,upper_bound,2,150386,Toffolo et al.,2014-02-28,https://benchmark.gent.cs.kuleuven.be/tup/en/results/solution_group/34.html,
umps14A,5,3,upper_bound,3,150698,Wauters et al.,2013-11-05,https://benchmark.gent.cs.kuleuven.be/tup/en/results/solution_group/36.html,
umps14A,5,2,lower_bound,1,137853.0,Toffolo et al.,2015-02-03,https://benchmark.gent.cs.kuleuven.be/tup/en/results/bound_group/25.html,
umps14A,5,2,upper_bound,1,137853,Toffolo et al.,2015-02-03,https://benchmark.gent.cs.kuleuven.be/tup/en/results/solution_group/14.html,https://benchmark.gent.cs.kuleuven.be/tup/media/solutions/14/umps14A_5_2.txt
umps14B,8,3,lower_bound,1,165026.0,Toffolo et al.,2015-02-03,https://benchmark.gent.cs.kuleuven.be/tup/en/results/bound_group/25.html,
umps14B,8,3,upper_bound,1,165026,Toffolo et al.,2015-02-03,https://benchmark.gent.cs.kuleuven.be/tup/en/results/solution_group/14.html,https://benchmark.gent.cs.kuleuven.be/tup/media/solutions/14/umps14B_8_3.txt
umps14B,8,2,lower_bound,1,141312.0,Toffolo et al.,2015-02-03,https://benchmark.gent.cs.kuleuven.be/tup/en/results/bound_group/25.html,
umps14B,8,2,upper_bound,1,141312,Toffolo et al.,2015-02-03,https://benchmark.gent.cs.kuleuven.be/tup/en/results/solution_group/14.html,https://benchmark.gent.cs.kuleuven.be/tup/media/solutions/14/umps14B_8_2.txt
umps14B,7,3,lower_bound,1,157884.0,Toffolo et al.,2015-02-03,https://benchmark.gent.cs.kuleuven.be/tup/en/results/bound_group/25.html,
umps14B,7,3,lower_bound,2,152517.6,Xue et al.,2014-03-21,https://benchmark.gent.cs.kuleuven.be/tup/en/results/bound_group/26.html,
umps14B,7,3,lower_bound,3,151165.8,Toffolo et al.,2014-02-28,https://benchmark.gent.cs.kuleuven.be/tup/en/results/bound_group/17.html,
umps14B,7,3,upper_bound,1,157884,Wauters et al.,2013-11-05,https://benchmark.gent.cs.kuleuven.be/tup/en/results/solution_group/36.html,
umps14B,7,3,upper_bound,2,165421,Toffolo et al.,2017-07-22,https://benchmark.gent.cs.kuleuven.be/tup/en/results/solution_group/52.html,https://benchmark.gent.cs.kuleuven.be/tup/media/solutions/52/umps14B_7_3.txt
umps14B,7,3,upper_bound,3,172302,Trick et al.,2011-10-17,https://benchmark.gent.cs.kuleuven.be/tup/en/results/solution_group/27.html,
umps14B,7,2,lower_bound,1,138998.0,Toffolo et al.,2015-02-03,https://benchmark.gent.cs.kuleuven.be/tup/en/results/bound_group/25.html,
umps14B,7,2,upper_bound,1,138998,Toffolo et al.,2015-02-03,https://benchmark.gent.cs.kuleuven.be/tup/en/results/solution_group/14.html,https://benchmark.gent.cs.kuleuven.be/tup/media/solutions/14/umps14B_7_2.txt
umps14B,6,3,lower_bound,1,152740.0,Toffolo et al.,2015-02-03,https://benchmark.gent.cs.kuleuven.be/tup/en/results/bound_group/25.html,
umps14B,6,3,lower_bound,2,150941.3,Xue et al.,2014-03-21,https://benchmark.gent.cs.kuleuven.be/tup/en/results/bound_group/26.html,
umps14B,6,3,lower_bound,3,149267.0,Wauters et al.,2013-11-05,https://benchmark.gent.cs.kuleuven.be/tup/en/results/bound_group/19.html,
umps14B,6,3,upper_bound,1,152740,Wauters et al.,2013-11-05,https://benchmark.gent.cs.kuleuven.be/tup/en/results/solution_group/36.html,
umps14B,6,3,upper_bound,2,156659,Toffolo et al.,2017-07-22,https://benchmark.gent.cs.kuleuven.be/tup/en/results/solution_group/52.html,https://benchmark.gent.cs.kuleuven.be/tup/media/solutions/52/umps14B_6_3.txt
umps14B,6,3,upper_bound,3,158050,Oliveira et al.,2013-08-28,https://benchmark.gent.cs.kuleuven.be/tup/en/results/solution_group/35.html,
umps14B,6,2,lower_bound,1,138241.0,Toffolo et al.,2015-02-03,https://benchmark.gent.cs.kuleuven.be/tup/en/results/bound_group/25.html,
umps14B,6,2,upper_bound,1,138241,Toffolo et al.,2015-02-03,https://benchmark.gent.cs.kuleuven.be/tup/en/results/solution_group/14.html,https://benchmark.gent.cs.kuleuven.be/tup/media/solutions/14/umps14B_6_2.txt
umps14B,5,3,lower_bound,1,149455.0,Oliveira et al.,2014-09-03,https://benchmark.gent.cs.kuleuven.be/tup/en/results/bound_group/31.html,
umps14B,5,3,lower_bound,2,149455.0,Toffolo et al.,2015-02-03,https://benchmark.gent.cs.kuleuven.be/tup/en/results/bound_group/25.html,
umps14B,5,3,lower_bound,3,149311.6,Xue et al.,2014-03-21,https://benchmark.gent.cs.kuleuven.be/tup/en/results/bound_group/26.html,
umps14B,5,3,upper_bound,1,149455,Oliveira et al.,2014-09-03,https://benchmark.gent.cs.kuleuven.be/tup/en/results/solution_group/46.html,https://benchmark.gent.cs.kuleuven.be/tup/media/solutions/46/umps14B_5_3.txt
umps14B,5,3,upper_bound,2,149455,Toffolo et al.,2015-02-03,https://benchmark.gent.cs.kuleuven.be/tup/en/results/solution_group/14.html,https://benchmark.gent.cs.kuleuven.be/tup/media/solutions/14/umps14B_5_3.txt
umps14B,5,3,upper_bound,3,149621,Wauters et al.,2013-11-05,https://benchmark.gent.cs.kuleuven.be/tup/en/results/solution_group/36.html,
umps14B,5,2,lower_bound,1,136069.0,Toffolo et al.,2015-02-03,https://benchmark.gent.cs.kuleuven.be/tup/en/results/bound_group/25.html,
umps14B,5,2,upper_bound,1,136069,Toffolo et al.,2015-02-03,https://benchmark.gent.cs.kuleuven.be/tup/en/results/solution_group/14.html,https://benchmark.gent.cs.kuleuven.be/tup/media/solutions/14/umps14B_5_2.txt
umps14C,8,3,lower_bound,1,161262.0,Toffolo et al.,2015-02-03,https://benchmark.gent.cs.kuleuven.be/tup/en/results/bound_group/25.html,
umps14C,8,3,upper_bound,1,161262,Toffolo et al.,2015-02-03,https://benchmark.gent.cs.kuleuven.be/tup/en/results/solution_group/14.html,https://benchmark.gent.cs.kuleuven.be/tup/media/solutions/14/umps14C_8_3.txt
umps14C,8,2,lower_bound,1,141015.0,Toffolo et al.,2015-02-03,https://benchmark.gent.cs.kuleuven.be/tup/en/results/bound_group/25.html,
umps14C,8,2,upper_bound,1,141015,Toffolo et al.,2015-02-03,https://benchmark.gent.cs.kuleuven.be/tup/en/results/solution_group/14.html,https://benchmark.gent.cs.kuleuven.be/tup/media/solutions/14/umps14C_8_2.txt
umps14C,7,3,lower_bound,1,154913.0,Toffolo et al.,2015-02-03,https://benchmark.gent.cs.kuleuven.be/tup/en/results/bound_group/25.html,
umps14C,7,3,lower_bound,2,151581.0,Wauters et al.,2013-11-05,https://benchmark.gent.cs.kuleuven.be/tup/en/results/bound_group/19.html,
umps14C,7,3,lower_bound,3,126843.0,Trick et al.,2011-10-17,https://benchmark.gent.cs.kuleuven.be/tup/en/results/bound_group/10.html,
umps14C,7,3,upper_bound,1,154913,Wauters et al.,2013-11-05,https://benchmark.gent.cs.kuleuven.be/tup/en/results/solution_group/36.html,
umps14C,7,3,upper_bound,2,164360,Toffolo et al.,2017-07-22,https://benchmark.gent.cs.kuleuven.be/tup/en/results/solution_group/52.html,https://benchmark.gent.cs.kuleuven.be/tup/media/solutions/52/umps14C_7_3.txt
umps14C,7,3,upper_bound,3,188945,Trick et al.,2011-10-17,https://benchmark.gent.cs.kuleuven.be/tup/en/results/solution_group/27.html,
umps14C,7,2,lower_bound,1,138832.0,Toffolo et al.,2015-02-03,https://benchmark.gent.cs.kuleuven.be/tup/en/results/bound_group/25.html,
umps14C,7,2,upper_bound,1,138832,Toffolo et al.,2015-02-03,https://benchmark.gent.cs.kuleuven.be/tup/en/results/solution_group/14.html,https://benchmark.gent.cs.kuleuven.be/tup/media/solutions/14/umps14C_7_2.txt
umps14C,6,3,lower_bound,1,150858.0,Toffolo et al.,2015-02-03,https://benchmark.gent.cs.kuleuven.be/tup/en/results/bound_group/25.html,
umps14C,6,3,lower_bound,2,148986.5,Xue et al.,2014-03-21,https://benchmark.gent.cs.kuleuven.be/tup/en/results/bound_group/26.html,
umps14C,6,3,lower_bound,3,148728.0,Wauters et al.,2013-11-05,https://benchmark.gent.cs.kuleuven.be/tup/en/results/bound_group/19.html,
umps14C,6,3,upper_bound,1,150858,Wauters et al.,2013-11-05,https://benchmark.gent.cs.kuleuven.be/tup/en/results/solution_group/36.html,
umps14C,6,3,upper_bound,2,153542,Toffolo et al.,2017-07-22,https://benchmark.gent.cs.kuleuven.be/tup/en/results/solution_group/52.html,https://benchmark.gent.cs.kuleuven.be/tup/media/solutions/52/umps14C_6_3.txt
umps14C,6,3,upper_bound,3,153841,Oliveira et al.,2013-08-28,https://benchmark.gent.cs.kuleuven.be/tup/en/results/solution_group/35.html,
umps14C,6,2,lower_bound,1,136394.0,Toffolo et al.,2015-02-03,https://benchmark.gent.cs.kuleuven.be/tup/en/results/bound_group/25.html,
umps14C,6,2,upper_bound,1,136394,Toffolo et al.,2015-02-03,https://benchmark.gent.cs.kuleuven.be/tup/en/results/solution_group/14.html,https://benchmark.gent.cs.kuleuven.be/tup/media/solutions/14/umps14C_6_2.txt
umps14C,5,3,lower_bound,1,148349.0,Toffolo et al.,2015-02-03,https://benchmark.gent.cs.kuleuven.be/tup/en/results/bound_group/25.html,
umps14C,5,3,lower_bound,2,147902.9,Xue et al.,2014-03-21,https://benchmark.gent.cs.kuleuven.be/tup/en/results/bound_group/26.html,
umps14C,5,3,lower_bound,3,146764.0,Wauters et al.,2013-11-05,https://benchmark.gent.cs.kuleuven.be/tup/en/results/bound_group/19.html,
umps14C,5,3,upper_bound,1,148349,Toffolo et al.,2015-02-03,https://benchmark.gent.cs.kuleuven.be/tup/en/results/solution_group/14.html,https://benchmark.gent.cs.kuleuven.be/tup/media/solutions/14/umps14C_5_3.txt
umps14C,5,3,upper_bound,2,149482,Toffolo et al.,2014-02-28,https://benchmark.gent.cs.kuleuven.be/tup/en/results/solution_group/34.html,
umps14C,5,3,upper_bound,3,150130,Wauters et al.,2013-11-05,https://benchmark.gent.cs.kuleuven.be/tup/en/results/solution_group/36.html,
umps14C,5,2,lower_bound,1,134916.0,Toffolo et al.,2015-02-03,https://benchmark.gent.cs.kuleuven.be/tup/en/results/bound_group/25.html,
umps14C,5,2,upper_bound,1,134916,Toffolo et al.,2015-02-03,https://benchmark.gent.cs.kuleuven.be/tup/en/results/solution_group/14.html,https://benchmark.gent.cs.kuleuven.be/tup/media/solutions/14/umps14C_5_2.txt
umps16,8,4,lower_bound,1,193457.1,Toffolo et al.,2014-02-28,https://benchmark.gent.cs.kuleuven.be/tup/en/results/bound_group/17.html,
umps16,8,4,lower_bound,2,185939.0,Wauters et al.,2013-11-05,https://benchmark.gent.cs.kuleuven.be/tup/en/results/bound_group/19.html,
umps16,8,4,lower_bound,3,134471.0,Trick et al.,2011-10-17,https://benchmark.gent.cs.kuleuven.be/tup/en/results/bound_group/10.html,
umps16,8,4,upper_bound,1,infeasible,Toffolo et al.,2014-02-28,https://benchmark.gent.cs.kuleuven.be/tup/en/results/solution_group/34.html,
umps16,8,3,lower_bound,1,162902.0,Toffolo et al.,2015-02-03,https://benchmark.gent.cs.kuleuven.be/tup/en/results/bound_group/25.html,
umps16,8,3,upper_bound,1,189415,Toffolo et al.,2015-02-03,https://benchmark.gent.cs.kuleuven.be/tup/en/results/solution_group/14.html,https://benchmark.gent.cs.kuleuven.be/tup/media/solutions/14/umps16_8_3.txt
umps16,8,2,lower_bound,1,156088.1,Xue et al.,2014-03-21,https://benchmark.gent.cs.kuleuven.be/tup/en/results/bound_group/26.html,
umps16,8,2,lower_bound,2,155045.2,Toffolo et al.,2014-02-28,https://benchmark.gent.cs.kuleuven.be/tup/en/results/bound_group/17.html,
umps16,8,2,lower_bound,3,151481.0,Wauters et al.,2013-11-05,https://benchmark.gent.cs.kuleuven.be/tup/en/results/bound_group/19.html,
umps16,8,2,upper_bound,1,161999,Toffolo et al.,2014-02-28,https://benchmark.gent.cs.kuleuven.be/tup/en/results/solution_group/34.html,
umps16,8,2,upper_bound,2,164665,Toffolo et al.,2017-07-22,https://benchmark.gent.cs.kuleuven.be/tup/en/results/solution_group/52.html,https://benchmark.gent.cs.kuleuven.be/tup/media/solutions/52/umps16_8_2.txt
umps16,8,2,upper_bound,3,165638,Wauters et al.,2013-11-05,https://benchmark.gent.cs.kuleuven.be/tup/en/results/solution_group/36.html,
umps16,7,4,lower_bound,1,197028.0,Toffolo et al.,2015-02-03,https://benchmark.gent.cs.kuleuven.be/tup/en/results/bound_group/25.html,
umps16,7,4,upper_bound,1,197028,Toffolo et al.,2015-02-03,https://benchmark.gent.cs.kuleuven.be/tup/en/results/solution_group/14.html,https://benchmark.gent.cs.kuleuven.be/tup/media/solutions/14/umps16_7_4.txt
umps16,7,3,lower_bound,1,165765.0,Toffolo et al.,2015-02-03,https://benchmark.gent.cs.kuleuven.be/tup/en/results/bound_group/25.html,
umps16,7,3,lower_bound,2,160161.3,Xue et al.,2014-03-21,https://benchmark.gent.cs.kuleuven.be/tup/en/results/bound_group/26.html,
umps16,7,3,lower_bound,3,158586.0,Toffolo et al.,2014-02-28,https://benchmark.gent.cs.kuleuven.be/tup/en/results/bound_group/17.html,
umps16,7,3,upper_bound,1,165765,Toffolo et al.,2015-02-03,https://benchmark.gent.cs.kuleuven.be/tup/en/results/solution_group/14.html,https://benchmark.gent.cs.kuleuven.be/tup/media/solutions/14/umps16_7_3.txt
umps16,7,3,upper_bound,2,168860,Wauters et al.,2013-11-05,https://benchmark.gent.cs.kuleuven.be/tup/en/results/solution_group/36.html,
umps16,7,3,upper_bound,3,171425,Toffolo et al.,2017-07-22,https://benchmark.gent.cs.kuleuven.be/tup/en/results/solution_group/52.html,https://benchmark.gent.cs.kuleuven.be/tup/media/solutions/52/umps16_7_3.txt
umps16,7,2,lower_bound,1,150433.0,Toffolo et al.,2015-02-03,https://benchmark.gent.cs.kuleuven.be/tup/en/results/bound_group/25.html,
umps16,7,2,lower_bound,2,149488.0,Xue et al.,2014-03-21,https://benchmark.gent.cs.kuleuven.be/tup/en/results/bound_group/26.html,
umps16,7,2,lower_bound,3,148341.8,Toffolo et al.,2014-02-28,https://benchmark.gent.cs.kuleuven.be/tup/en/results/bound_group/17.html,
umps16,7,2,upper_bound,1,150433,Toffolo et al.,2015-02-03,https://benchmark.gent.cs.kuleuven.be/tup/en/results/solution_group/14.html,https://benchmark.gent.cs.kuleuven.be/tup/media/solutions/14/umps16_7_2.txt
umps16,7,2,upper_bound,2,155656,Toffolo et al.,2017-07-22,https://benchmark.gent.cs.kuleuven.be/tup/en/results/solution_group/52.html,https://benchmark.gent.cs.kuleuven.be/tup/media/solutions/52/umps16_7_2.txt
umps16,7,2,upper_bound,3,158114,Wauters et al.,2013-11-05,https://benchmark.gent.cs.kuleuven.be/tup/en/results/solution_group/36.html,
umps16A,8,4,lower_bound,1,206141.2,Xue et al.,2014-03-21,https://benchmark.gent.cs.kuleuven.be/tup/en/results/bound_group/26.html,
umps16A,8,4,lower_bound,2,200648.5,Toffolo et al.,2014-02-28,https://benchmark.gent.cs.kuleuven.be/tup/en/results/bound_group/17.html,
umps16A,8,4,lower_bound,3,185119.0,Wauters et al.,2013-11-05,https://benchmark.gent.cs.kuleuven.be/tup/en/results/bound_group/19.html,
umps16A,8,4,upper_bound,1,infeasible,Toffolo et al.,2014-02-28,https://benchmark.gent.cs.kuleuven.be/tup/en/results/solution_group/34.html,
umps16A,8,3,lower_bound,1,175590.0,Toffolo et al.,2015-02-03,https://benchmark.gent.cs.kuleuven.be/tup/en/results/bound_group/25.html,
umps16A,8,3,upper_bound,1,214512,Toffolo et al.,2015-02-03,https://benchmark.gent.cs.kuleuven.be/tup/en/results/solution_group/14.html,https://benchmark.gent.cs.kuleuven.be/tup/media/solutions/14/umps16A_8_3.txt
umps16A,8,2,lower_bound,1,168274.4,Xue et al.,2014-03-21,https://benchmark.gent.cs.kuleuven.be/tup/en/results/bound_group/26.html,
umps16A,8,2,lower_bound,2,166624.1,Toffolo et al.,2014-02-28,https://benchmark.gent.cs.kuleuven.be/tup/en/results/bound_group/17.html,
umps16A,8,2,lower_bound,3,162788.0,Wauters et al.,2013-11-05,https://benchmark.gent.cs.kuleuven.be/tup/en/results/bound_group/19.html,
umps16A,8,2,upper_bound,1,171882,Toffolo et al.,2014-02-28,https://benchmark.gent.cs.kuleuven.be/tup/en/results/solution_group/34.html,
umps16A,8,2,upper_bound,2,171882,Toffolo et al.,2017-07-22,https://benchmark.gent.cs.kuleuven.be/tup/en/results/solution_group/52.html,https://benchmark.gent.cs.kuleuven.be/tup/media/solutions/52/umps16A_8_2.txt
umps16A,8,2,upper_bound,3,172966,Wauters et al.,2013-11-05,https://benchmark.gent.cs.kuleuven.be/tup/en/results/solution_group/36.html,
umps16A,7,4,lower_bound,1,213416.0,Toffolo et al.,2015-02-03,https://benchmark.gent.cs.kuleuven.be/tup/en/results/bound_group/25.html,
umps16A,7,4,upper_bound,1,213416,Toffolo et al.,2015-02-03,https://benchmark.gent.cs.kuleuven.be/tup/en/results/solution_group/14.html,https://benchmark.gent.cs.kuleuven.be/tup/media/solutions/14/umps16A_7_4.txt
umps16A,7,3,lower_bound,1,178511.0,Toffolo et al.,2015-02-03,https://benchmark.gent.cs.kuleuven.be/tup/en/results/bound_group/25.html,
umps16A,7,3,lower_bound,2,172964.0,Wauters et al.,2013-11-05,https://benchmark.gent.cs.kuleuven.be/tup/en/results/bound_group/19.html,
umps16A,7,3,lower_bound,3,160314.0,Oliveira et al.,2013-08-28,https://benchmark.gent.cs.kuleuven.be/tup/en/results/bound_group/18.html,
umps16A,7,3,upper_bound,1,178511,Toffolo et al.,2015-02-03,https://benchmark.gent.cs.kuleuven.be/tup/en/results/solution_group/14.html,https://benchmark.gent.cs.kuleuven.be/tup/media/solutions/14/umps16A_7_3.txt
umps16A,7,3,upper_bound,2,179960,Wauters et al.,2013-11-05,https://benchmark.gent.cs.kuleuven.be/tup/en/results/solution_group/36.html,
umps16A,7,3,upper_bound,3,181879,Toffolo et al.,2017-07-22,https://benchmark.gent.cs.kuleuven.be/tup/en/results/solution_group/52.html,https://benchmark.gent.cs.kuleuven.be/tup/media/solutions/52/umps16A_7_3.txt
umps16A,7,2,lower_bound,1,163709.0,Toffolo et al.,2015-02-03,https://benchmark.gent.cs.kuleuven.be/tup/en/results/bound_group/25.html,
umps16A,7,2,lower_bound,2,162621.7,Xue et al.,2014-03-21,https://benchmark.gent.cs.kuleuven.be/tup/en/results/bound_group/26.html,
umps16A,7,2,lower_bound,3,161640.0,Wauters et al.,2013-11-05,https://benchmark.gent.cs.kuleuven.be/tup/en/results/bound_group/19.html,
umps16A,7,2,upper_bound,1,163709,Toffolo et al.,2015-02-03,https://benchmark.gent.cs.kuleuven.be/tup/en/results/solution_group/14.html,https://benchmark.gent.cs.kuleuven.be/tup/media/solutions/14/umps16A_7_2.txt
umps16A,7,2,upper_bound,2,165766,Toffolo et al.,2014-02-28,https://benchmark.gent.cs.kuleuven.be/tup/en/results/solution_group/34.html,
umps16A,7,2,upper_bound,3,168447,Toffolo et al.,2017-07-22,https://benchmark.gent.cs.kuleuven.be/tup/en/results/solution_group/52.html,https://benchmark.gent.cs.kuleuven.be/tup/media/solutions/52/umps16A_7_2.txt
umps16B,8,4,lower_bound,1,215520.6,Xue et al.,2014-03-21,https://benchmark.gent.cs.kuleuven.be/tup/en/results/bound_group/26.html,
umps16B,8,4,lower_bound,2,209346.5,Toffolo et al.,2014-02-28,https://benchmark.gent.cs.kuleuven.be/tup/en/results/bound_group/17.html,
umps16B,8,4,lower_bound,3,208418.0,Wauters et al.,2013-11-05,https://benchmark.gent.cs.kuleuven.be/tup/en/results/bound_group/19.html,
umps16B,8,4,upper_bound,1,infeasible,Toffolo et al.,2014-02-28,https://benchmark.gent.cs.kuleuven.be/tup/en/results/solution_group/34.html,
umps16B,8,3,lower_bound,1,178821.0,Toffolo et al.,2015-02-03,https://benchmark.gent.cs.kuleuven.be/tup/en/results/bound_group/25.html,
umps16B,8,3,upper_bound,1,217764,Toffolo et al.,2015-02-03,https://benchmark.gent.cs.kuleuven.be/tup/en/results/solution_group/14.html,https://benchmark.gent.cs.kuleuven.be/tup/media/solutions/14/umps16B_8_3.txt
umps16B,8,2,lower_bound,1,170384.4,Xue et al.,2014-03-21,https://benchmark.gent.cs.kuleuven.be/tup/en/results/bound_group/26.html,
umps16B,8,2,lower_bound,2,170092.6,Toffolo et al.,2014-02-28,https://benchmark.gent.cs.kuleuven.be/tup/en/results/bound_group/17.html,
umps16B,8,2,lower_bound,3,167768.0,Wauters et al.,2013-11-05,https://benchmark.gent.cs.kuleuven.be/tup/en/results/bound_group/19.html,
umps16B,8,2,upper_bound,1,180540,Toffolo et al.,2017-07-22,https://benchmark.gent.cs.kuleuven.be/tup/en/results/solution_group/52.html,https://benchmark.gent.cs.kuleuven.be/tup/media/solutions/52/umps16B_8_2.txt
umps16B,8,2,upper_bound,2,180728,Toffolo et al.,2014-02-28,https://benchmark.gent.cs.kuleuven.be/tup/en/results/solution_group/34.html,
umps16B,8,2,upper_bound,3,180888,Wauters et al.,2013-11-05,https://benchmark.gent.cs.kuleuven.be/tup/en/results/solution_group/36.html,
umps16B,7,4,lower_bound,1,223868.0,Toffolo et al.,2015-02-03,https://benchmark.gent.cs.kuleuven.be/tup/en/results/bound_group/25.html,
umps16B,7,4,upper_bound,1,223868,Toffolo et al.,2015-02-03,https://benchmark.gent.cs.kuleuven.be/tup/en/results/solution_group/14.html,https://benchmark.gent.cs.kuleuven.be/tup/media/solutions/14/umps16B_7_4.txt
umps16B,7,3,lower_bound,1,180204.0,Toffolo et al.,2015-02-03,https://benchmark.gent.cs.kuleuven.be/tup/en/results/bound_group/25.html,
umps16B,7,3,lower_bound,2,173023.0,Wauters et al.,2013-11-05,https://benchmark.gent.cs.kuleuven.be/tup/en/results/bound_group/19.html,
umps16B,7,3,lower_bound,3,158244.0,Oliveira et al.,2013-08-28,https://benchmark.gent.cs.kuleuven.be/tup/en/results/bound_group/18.html,
umps16B,7,3,upper_bound,1,180204,Toffolo et al.,2015-02-03,https://benchmark.gent.cs.kuleuven.be/tup/en/results/solution_group/14.html,https://benchmark.gent.cs.kuleuven.be/tup/media/solutions/14/umps16B_7_3.txt
umps16B,7,3,upper_bound,2,181565,Wauters et al.,2013-11-05,https://benchmark.gent.cs.kuleuven.be/tup/en/results/solution_group/36.html,
umps16B,7,3,upper_bound,3,191974,Toffolo et al.,2017-07-22,https://benchmark.gent.cs.kuleuven.be/tup/en/results/solution_group/52.html,https://benchmark.gent.cs.kuleuven.be/tup/media/solutions/52/umps16B_7_3.txt
umps16B,7,2,lower_bound,1,167190.0,Toffolo et al.,2015-02-03,https://benchmark.gent.cs.kuleuven.be/tup/en/results/bound_group/25.html,
umps16B,7,2,lower_bound,2,164816.0,Xue et al.,2014-03-21,https://benchmark.gent.cs.kuleuven.be/tup/en/results/bound_group/26.html,
umps16B,7,2,lower_bound,3,164012.0,Wauters et al.,2013-11-05,https://benchmark.gent.cs.kuleuven.be/tup/en/results/bound_group/19.html,
umps16B,7,2,upper_bound,1,167190,Toffolo et al.,2015-02-03,https://benchmark.gent.cs.kuleuven.be/tup/en/results/solution_group/14.html,https://benchmark.gent.cs.kuleuven.be/tup/media/solutions/14/umps16B_7_2.txt
umps16B,7,2,upper_bound,2,171336,Wauters et al.,2013-11-05,https://benchmark.gent.cs.kuleuven.be/tup/en/results/solution_group/36.html,
umps16B,7,2,upper_bound,3,172579,Toffolo et al.,2017-07-22,https://benchmark.gent.cs.kuleuven.be/tup/en/results/solution_group/52.html,https://benchmark.gent.cs.kuleuven.be/tup/media/solutions/52/umps16B_7_2.txt
umps16C,8,4,lower_bound,1,206368.8,Xue et al.,2014-03-21,https://benchmark.gent.cs.kuleuven.be/tup/en/results/bound_group/26.html,
umps16C,8,4,lower_bound,2,205643.8,Toffolo et al.,2014-02-28,https://benchmark.gent.cs.kuleuven.be/tup/en/results/bound_group/17.html,
umps16C,8,4,lower_bound,3,188561.0,Wauters et al.,2013-11-05,https://benchmark.gent.cs.kuleuven.be/tup/en/results/bound_group/19.html,
umps16C,8,4,upper_bound,1,infeasible,Toffolo et al.,2014-02-28,https://benchmark.gent.cs.kuleuven.be/tup/en/results/solution_group/34.html,
umps16C,8,3,lower_bound,1,175435.0,Toffolo et al.,2015-02-03,https://benchmark.gent.cs.kuleuven.be/tup/en/results/bound_group/25.html,
umps16C,8,3,upper_bound,1,214993,Toffolo et al.,2015-02-03,https://benchmark.gent.cs.kuleuven.be/tup/en/results/solution_group/14.html,https://benchmark.gent.cs.kuleuven.be/tup/media/solutions/14/umps16C_8_3.txt
umps16C,8,2,lower_bound,1,169697.7,Xue et al.,2014-03-21,https://benchmark.gent.cs.kuleuven.be/tup/en/results/bound_group/26.html,
umps16C,8,2,lower_bound,2,168783.6,Toffolo et al.,2014-02-28,https://benchmark.gent.cs.kuleuven.be/tup/en/results/bound_group/17.html,
umps16C,8,2,lower_bound,3,166001.0,Wauters et al.,2013-11-05,https://benchmark.gent.cs.kuleuven.be/tup/en/results/bound_group/19.html,
umps16C,8,2,upper_bound,1,179939,Toffolo et al.,2014-02-28,https://benchmark.gent.cs.kuleuven.be/tup/en/results/solution_group/34.html,
umps16C,8,2,upper_bound,2,183554,Wauters et al.,2013-11-05,https://benchmark.gent.cs.kuleuven.be/tup/en/results/solution_group/36.html,
umps16C,8,2,upper_bound,3,186253,Toffolo et al.,2017-07-22,https://benchmark.gent.cs.kuleuven.be/tup/en/results/solution_group/52.html,https://benchmark.gent.cs.kuleuven.be/tup/media/solutions/52/umps16C_8_2.txt
umps16C,7,4,lower_bound,1,209088.0,Toffolo et al.,2015-02-03,https://benchmark.gent.cs.kuleuven.be/tup/en/results/bound_group/25.html,
umps16C,7,4,upper_bound,1,209088,Toffolo et al.,2015-02-03,https://benchmark.gent.cs.kuleuven.be/tup/en/results/solution_group/14.html,https://benchmark.gent.cs.kuleuven.be/tup/media/solutions/14/umps16C_7_4.txt
umps16C,7,3,lower_bound,1,176161.0,Toffolo et al.,2015-02-03,https://benchmark.gent.cs.kuleuven.be/tup/en/results/bound_group/25.html,
umps16C,7,3,lower_bound,2,172754.6,Xue et al.,2014-03-21,https://benchmark.gent.cs.kuleuven.be/tup/en/results/bound_group/26.html,
umps16C,7,3,lower_bound,3,171767.6,Toffolo et al.,2014-02-28,https://benchmark.gent.cs.kuleuven.be/tup/en/results/bound_group/17.html,
umps16C,7,3,upper_bound,1,180483,Toffolo et al.,2015-02-03,https://benchmark.gent.cs.kuleuven.be/tup/en/results/solution_group/14.html,https://benchmark.gent.cs.kuleuven.be/tup/media/solutions/14/umps16C_7_3.txt
umps16C,7,3,upper_bound,2,184181,Wauters et al.,2013-11-05,https://benchmark.gent.cs.kuleuven.be/tup/en/results/solution_group/36.html,
umps16C,7,3,upper_bound,3,188818,Toffolo et al.,2017-07-22,https://benchmark.gent.cs.kuleuven.be/tup/en/results/solution_group/52.html,https://benchmark.gent.cs.kuleuven.be/tup/media/solutions/52/umps16C_7_3.txt
umps16C,7,2,lower_bound,1,166479.0,Toffolo et al.,2015-02-03,https://benchmark.gent.cs.kuleuven.be/tup/en/results/bound_group/25.html,
umps16C,7,2,lower_bound,2,164625.7,Xue et al.,2014-03-21,https://benchmark.gent.cs.kuleuven.be/tup/en/results/bound_group/26.html,
umps16C,7,2,lower_bound,3,163850.8,Toffolo et al.,2014-02-28,https://benchmark.gent.cs.kuleuven.be/tup/en/results/bound_group/17.html,
umps16C,7,2,upper_bound,1,166479,Toffolo et al.,2015-02-03,https://benchmark.gent.cs.kuleuven.be/tup/en/results/solution_group/14.html,https://benchmark.gent.cs.kuleuven.be/tup/media/solutions/14/umps16C_7_2.txt
umps16C,7,2,upper_bound,2,170805,Wauters et al.,2013-11-05,https://benchmark.gent.cs.kuleuven.be/tup/en/results/solution_group/36.html,
umps16C,7,2,upper_bound,3,172319,Toffolo et al.,2017-07-22,https://benchmark.gent.cs.kuleuven.be/tup/en/results/solution_group/52.html,https://benchmark.gent.cs.kuleuven.be/tup/media/solutions/52/umps16C_7_2.txt
umps18,9,4,lower_bound,1,213805.5,Xue et al.,2014-03-21,https://benchmark.gent.cs.kuleuven.be/tup/en/results/bound_group/26.html,
umps18,9,4,upper_bound,1,267311,Toffolo et al.,2015-06-25,https://benchmark.gent.cs.kuleuven.be/tup/en/results/solution_group/38.html,https://benchmark.gent.cs.kuleuven.be/tup/media/solutions/38/umps18_9_4.txt
umps18,9,3,lower_bound,1,186173.0,Toffolo et al.,2015-02-03,https://benchmark.gent.cs.kuleuven.be/tup/en/results/bound_group/25.html,
umps18,9,3,upper_bound,1,262987,Toffolo et al.,2015-02-03,https://benchmark.gent.cs.kuleuven.be/tup/en/results/solution_group/14.html,https://benchmark.gent.cs.kuleuven.be/tup/media/solutions/14/umps18_9_3.txt
umps18,8,4,lower_bound,1,197511.0,Toffolo et al.,2015-02-03,https://benchmark.gent.cs.kuleuven.be/tup/en/results/bound_group/25.html,
umps18,8,4,upper_bound,1,254155,Toffolo et al.,2015-02-03,https://benchmark.gent.cs.kuleuven.be/tup/en/results/solution_group/14.html,https://benchmark.gent.cs.kuleuven.be/tup/media/solutions/14/umps18_8_4.txt
umps18,8,3,lower_bound,1,187335.0,Toffolo et al.,2015-02-03,https://benchmark.gent.cs.kuleuven.be/tup/en/results/bound_group/25.html,
umps18,8,3,upper_bound,1,248302,Toffolo et al.,2015-02-03,https://benchmark.gent.cs.kuleuven.be/tup/en/results/solution_group/14.html,https://benchmark.gent.cs.kuleuven.be/tup/media/solutions/14/umps18_8_3.txt
umps18,7,4,lower_bound,1,200551.0,Toffolo et al.,2015-02-03,https://benchmark.gent.cs.kuleuven.be/tup/en/results/bound_group/25.html,
umps18,7,4,upper_bound,1,217502,Toffolo et al.,2015-02-03,https://benchmark.gent.cs.kuleuven.be/tup/en/results/solution_group/14.html,https://benchmark.gent.cs.kuleuven.be/tup/media/solutions/14/umps18_7_4.txt
umps20,10,5,lower_bound,1,250372.6,Oliveira et al.,2015-08-11,https://benchmark.gent.cs.kuleuven.be/tup/en/results/bound_group/30.html,
umps20,10,5,lower_bound,2,220907.0,Toffolo et al.,2015-02-03,https://benchmark.gent.cs.kuleuven.be/tup/en/results/bound_group/25.html,
umps20,10,5,lower_bound,3,216332.1,Xue et al.,2014-03-21,https://benchmark.gent.cs.kuleuven.be/tup/en/results/bound_group/26.html,
umps20,5,5,upper_bound,1,250569,Toffolo et al.,2017-07-22,https://benchmark.gent.cs.kuleuven.be/tup/en/results/solution_group/52.html,https://benchmark.gent.cs.kuleuven.be/tup/media/solutions/52/umps20_5_5.txt
umps22,11,5,lower_bound,1,269735.5,Oliveira et al.,2015-08-11,https://benchmark.gent.cs.kuleuven.be/tup/en/results/bound_group/30.html,
umps22,11,5,lower_bound,2,245517.6,Xue et al.,2014-03-21,https://benchmark.gent.cs.kuleuven.be/tup/en/results/bound_group/26.html,
umps22,5,5,upper_bound,1,278842,Toffolo et al.,2017-07-22,https://benchmark.gent.cs.kuleuven.be/tup/en/results/solution_group/52.html,https://benchmark.gent.cs.kuleuven.be/tup/media/solutions/52/umps22_5_5.txt
umps24,12,6,lower_bound,1,301441.0,Oliveira et al.,2015-08-11,https://benchmark.gent.cs.kuleuven.be/tup/en/results/bound_group/30.html,
umps24,12,6,lower_bound,2,273057.0,Xue et al.,2014-03-21,https://benchmark.gent.cs.kuleuven.be/tup/en/results/bound_group/26.html,
umps24,5,5,upper_bound,1,305514,Toffolo et al.,2017-07-22,https://benchmark.gent.cs.kuleuven.be/tup/en/results/solution_group/52.html,https://benchmark.gent.cs.kuleuven.be/tup/media/solutions/52/umps24_5_5.txt
umps26,13,6,lower_bound,1,336854.4,Oliveira et al.,2015-08-11,https://benchmark.gent.cs.kuleuven.be/tup/en/results/bound_group/30.html,
umps26,13,6,lower_bound,2,312785.8,Xue et al.,2014-03-21,https://benchmark.gent.cs.kuleuven.be/tup/en/results/bound_group/26.html,
umps26,5,5,lower_bound,1,324753.2,Oliveira et al.,2015-08-11,https://benchmark.gent.cs.kuleuven.be/tup/en/results/bound_group/30.html,
umps26,5,5,upper_bound,1,351932,Toffolo et al.,2017-07-22,https://benchmark.gent.cs.kuleuven.be/tup/en/results/solution_group/52.html,https://benchmark.gent.cs.kuleuven.be/tup/media/solutions/52/umps26_5_5.txt
umps28,14,7,lower_bound,1,377356.2,Oliveira et al.,2015-08-11,https://benchmark.gent.cs.kuleuven.be/tup/en/results/bound_group/30.html,
umps28,14,7,lower_bound,2,350262.9,Xue et al.,2014-03-21,https://benchmark.gent.cs.kuleuven.be/tup/en/results/bound_group/26.html,
umps28,5,5,lower_bound,1,363541.4,Oliveira et al.,2015-08-11,https://benchmark.gent.cs.kuleuven.be/tup/en/results/bound_group/30.html,
umps28,5,5,upper_bound,1,390635,Toffolo et al.,2017-07-22,https://benchmark.gent.cs.kuleuven.be/tup/en/results/solution_group/52.html,https://benchmark.gent.cs.kuleuven.be/tup/media/solutions/52/umps28_5_5.txt
umps30,15,7,lower_bound,1,424537.6,Oliveira et al.,2015-08-11,https://benchmark.gent.cs.kuleuven.be/tup/en/results/bound_group/30.html,
umps30,15,7,lower_bound,2,339331.0,Toffolo et al.,2015-02-03,https://benchmark.gent.cs.kuleuven.be/tup/en/results/bound_group/25.html,
umps30,5,5,lower_bound,1,415747.5,Oliveira et al.,2015-08-11,https://benchmark.gent.cs.kuleuven.be/tup/en/results/bound_group/30.html,
umps30,5,5,lower_bound,2,413103.0,Wauters et al.,2013-11-05,https://benchmark.gent.cs.kuleuven.be/tup/en/results/bound_group/19.html,
umps30,5,5,lower_bound,3,367877.0,Oliveira et al.,2013-08-28,https://benchmark.gent.cs.kuleuven.be/tup/en/results/bound_group/18.html,
umps30,5,5,upper_bound,1,443739,Toffolo et al.,2017-07-22,https://benchmark.gent.cs.kuleuven.be/tup/en/results/solution_group/52.html,https://benchmark.gent.cs.kuleuven.be/tup/media/solutions/52/umps30_5_5.txt
umps30,5,5,upper_bound,2,450919,Wauters et al.,2013-11-05,https://benchmark.gent.cs.kuleuven.be/tup/en/results/solution_group/36.html,https://benchmark.gent.cs.kuleuven.be/tup/media/solutions/36/umps30_5_5.txt
umps32,16,8,lower_bound,1,468803.5,Oliveira et al.,2015-08-11,https://benchmark.gent.cs.kuleuven.be/tup/en/results/bound_group/30.html,
umps32,16,8,lower_bound,2,430889.2,Xue et al.,2014-03-21,https://benchmark.gent.cs.kuleuven.be/tup/en/results/bound_group/26.html,
umps32,5,5,lower_bound,1,456685.9,Oliveira et al.,2015-08-11,https://benchmark.gent.cs.kuleuven.be/tup/en/results/bound_group/30.html,
umps32,5,5,upper_bound,1,491075,Toffolo et al.,2017-07-22,https://benchmark.gent.cs.kuleuven.be/tup/en/results/solution_group/52.html,https://benchmark.gent.cs.kuleuven.be/tup/media/solutions/52/umps32_5_5.txt
